Company Name:,product,product,product,product,product,product,product,product,product,product,product,product,product,product,product,product,product,product,product,product,product,product,product,product,product,product,product,product,region,region,region,region,region,region,region,region,region,region,region,region,region,region,region,region,region,region,region,region
Albertsons Companies,,,Bouquets ? Greens,Bouquets ? Pre-made,,Christmas Trees/Wreaths,Consumer Floral Bunches,Dish Gardens/Planters,,Floral Display Equipment,Floral Accessory Items,,,,Floral Services,Floral Sleeves,,,Flowering Plants,Foliage Plants,,Fresh-cut Flowers,,Nursery Stock/Shrubs/Trees,Organic ? Floral,,Floral Packaging Materials,,Mid Atlantic,New England,West South Central,East South Central,,North West Central,,Pacific,Mountain,,,,,,,,,,,
"Albertsons Companies, Denver CO",,,Bouquets ? Greens,Bouquets ? Pre-made,,Christmas Trees/Wreaths,Consumer Floral Bunches,Dish Gardens/Planters,,,Floral Accessory Items,,,,,,,,Flowering Plants,Foliage Plants,,Fresh-cut Flowers,,,,,,Ribbon,,,,,,,,Pacific,Mountain,,,,,,,,,,,
"Albertsons Companies, Portland OR",,,,Bouquets ? Pre-made,,Christmas Trees/Wreaths,,,,Floral Display Equipment,,,,,,,,,Flowering Plants,,,Fresh-cut Flowers,,,,,,,,,,,,,,Pacific,,,,,,,,,,,,
"Albertsons Companies, Seattle, WA",,,,,Bulk Flowers,,Consumer Floral Bunches,,,Floral Display Equipment,,,,Floral Hardgoods,,,,,Flowering Plants,,,Fresh-cut Flowers,,Nursery Stock/Shrubs/Trees,Organic ? Floral,,,,,,,,,,,Pacific,,,,,,,,,,,,
"Albertsons Companies, Southern CA",,,Bouquets ? Greens,Bouquets ? Pre-made,Bulk Flowers,Christmas Trees/Wreaths,Consumer Floral Bunches,,,Floral Display Equipment,,,,,,,,,,,,Fresh-cut Flowers,,,Organic ? Floral,,Floral Packaging Materials,,,,,,,,,Pacific,,,,,,,,,,,North America excluding Mexico,
Gelson's Markets,,,Bouquets ? Greens,Bouquets ? Pre-made,Bulk Flowers,Christmas Trees/Wreaths,Consumer Floral Bunches,Dish Gardens/Planters,,Floral Display Equipment,Floral Accessory Items,,,Floral Hardgoods,Floral Services,Floral Sleeves,,Flower Food,Flowering Plants,Foliage Plants,,Fresh-cut Flowers,Helium,Nursery Stock/Shrubs/Trees,Organic ? Floral,,Floral Packaging Materials,Ribbon,,,,,,,,Pacific,,,,,,,,,,,,
H-E-B,Balloons,,Bouquets ? Greens,Bouquets ? Pre-made,Bulk Flowers,,Consumer Floral Bunches,Dish Gardens/Planters,Floral Display Boxes,Floral Display Equipment,Floral Accessory Items,Floral Arrangements,Floral Equipment,Floral Hardgoods,Floral Services,Floral Sleeves,,,Flowering Plants,Foliage Plants,Fragranced Home D?cor,Fresh-cut Flowers,Helium,,Organic ? Floral,Ornamentals,Floral Packaging Materials,Ribbon,,,West South Central,,,,,,,,,,,,,,,,,
Mollie Stone's Markets,,,Bouquets ? Greens,Bouquets ? Pre-made,Bulk Flowers,Christmas Trees/Wreaths,Consumer Floral Bunches,Dish Gardens/Planters,,,Floral Accessory Items,,,Floral Hardgoods,Floral Services,,,,Flowering Plants,Foliage Plants,,Fresh-cut Flowers,,,,,,,,,,,,,,Pacific,,,,,,,,,,,,
Sprouts Farmers Market,,,Bouquets ? Greens,Bouquets ? Pre-made,,Christmas Trees/Wreaths,Consumer Floral Bunches,Dish Gardens/Planters,,Floral Display Equipment,,,,,,Floral Sleeves,,Flower Food,Flowering Plants,Foliage Plants,,Fresh-cut Flowers,,Nursery Stock/Shrubs/Trees,Organic ? Floral,,Floral Packaging Materials,,Mid Atlantic,New England,West South Central,East South Central,South Atlantic,North West Central,North East Central,Pacific,Mountain,,,,,,,,,,,
Stater Bros. Markets,,,,,,,,Dish Gardens/Planters,,Floral Display Equipment,Floral Accessory Items,,,Floral Hardgoods,Floral Services,Floral Sleeves,,,Flowering Plants,Foliage Plants,,,,Nursery Stock/Shrubs/Trees,,,Floral Packaging Materials,,,,,,,,,Pacific,,,,,,,,,,,,
"Wal-Mart Stores, Inc.",,,Bouquets ? Greens,Bouquets ? Pre-made,Bulk Flowers,,Consumer Floral Bunches,,Floral Display Boxes,Floral Display Equipment,,Floral Arrangements,Floral Equipment,Floral Hardgoods,,Floral Sleeves,,Flower Food,,,,Fresh-cut Flowers,,,Organic ? Floral,,Floral Packaging Materials,,Mid Atlantic,New England,West South Central,East South Central,South Atlantic,North West Central,North East Central,Pacific,Mountain,,,,,Canada,,,Mexico/South & Central America,,,
