CompanyName,Product,Product,Product,Product,Product,Product,Product,Product,Product,Product,Product,Product,Product,Product,Product,Product,Product,Product,Product,Product,Product,Product,Product,Product,Product,Product,Product,Product
Ahold-Delhaize,,,,,,,,,Floral Display Boxes,Floral Display Equipment,Floral Accessory Items,,Floral Equipment,,Floral Services,,,,,,Fragranced Home Décor,,,,Organic – Floral,Ornamentals,Floral Packaging Materials,
Albertsons/Safeway Intermountain Division,,,Bouquets – Greens,Bouquets – Pre-made,Bulk Flowers,Christmas Trees/Wreaths,Consumer Floral Bunches,,,Floral Display Equipment,Floral Accessory Items,Floral Arrangements,Floral Equipment,,Floral Services,,,,Flowering Plants,Foliage Plants,,Fresh-cut Flowers,,,,,,
Albertsons /Tom Thumb Southern Division,,Bedding Plants,,,,Christmas Trees/Wreaths,,,Floral Display Boxes,Floral Display Equipment,,,,,,,Flower Bulbs,,,Foliage Plants,,,,,Organic – Floral,Ornamentals,Floral Packaging Materials,Ribbon
Albertsons/Safeway Portland Division,,,Bouquets – Greens,,,,Consumer Floral Bunches,Dish Gardens/Planters,,,Floral Accessory Items,,Floral Equipment,,Floral Services,,,,,,,,,,,,,
H-E-B,Balloons,,Bouquets – Greens,Bouquets – Pre-made,Bulk Flowers,,Consumer Floral Bunches,Dish Gardens/Planters,Floral Display Boxes,Floral Display Equipment,Floral Accessory Items,Floral Arrangements,Floral Equipment,Floral Hardgoods,Floral Services,Floral Sleeves,,,Flowering Plants,Foliage Plants,Fragranced Home Décor,Fresh-cut Flowers,Helium,,Organic – Floral,Ornamentals,Floral Packaging Materials,Ribbon
Hy-Vee,,,,,,,,Dish Gardens/Planters,,,,,,Floral Hardgoods,,,,,Flowering Plants,Foliage Plants,,,,,,,,
Raley's,,,,,,,Consumer Floral Bunches,Dish Gardens/Planters,,Floral Display Equipment,,,Floral Equipment,Floral Hardgoods,,,,,Flowering Plants,Foliage Plants,,,,Nursery Stock/Shrubs/Trees,Organic – Floral,,Floral Packaging Materials,
Save Mart Supermarkets,,Bedding Plants,,,,Christmas Trees/Wreaths,Consumer Floral Bunches,Dish Gardens/Planters,Floral Display Boxes,Floral Display Equipment,Floral Accessory Items,,Floral Equipment,Floral Hardgoods,,Floral Sleeves,,,Flowering Plants,Foliage Plants,Fragranced Home Décor,,,Nursery Stock/Shrubs/Trees,,Ornamentals,Floral Packaging Materials,
Southeastern Grocers,,Bedding Plants,Bouquets – Greens,Bouquets – Pre-made,Bulk Flowers,,Consumer Floral Bunches,Dish Gardens/Planters,Floral Display Boxes,Floral Display Equipment,,Floral Arrangements,,,,,Flower Bulbs,,Flowering Plants,Foliage Plants,Fragranced Home Décor,Fresh-cut Flowers,,Nursery Stock/Shrubs/Trees,Organic – Floral,,,
SpartanNash,,Bedding Plants,,,Bulk Flowers,Christmas Trees/Wreaths,Consumer Floral Bunches,,,Floral Display Equipment,Floral Accessory Items,Floral Arrangements,Floral Equipment,,,,,,,,,,,,Organic – Floral,,,
SUPERVALU Inc,,,Bouquets – Greens,Bouquets – Pre-made,,Christmas Trees/Wreaths,Consumer Floral Bunches,Dish Gardens/Planters,,Floral Display Equipment,Floral Accessory Items,Floral Arrangements,Floral Equipment,Floral Hardgoods,,Floral Sleeves,,,Flowering Plants,Foliage Plants,,Fresh-cut Flowers,,,,,,
Target,,,Bouquets – Greens,Bouquets – Pre-made,,,Consumer Floral Bunches,,,,,Floral Arrangements,,,,,,,,,,Fresh-cut Flowers,,,Organic – Floral,,,
The Fresh Market,,,Bouquets – Greens,Bouquets – Pre-made,,Christmas Trees/Wreaths,Consumer Floral Bunches,,,Floral Display Equipment,,,,,,,,,Flowering Plants,Foliage Plants,,Fresh-cut Flowers,,,,,Floral Packaging Materials,
The Kroger Co.,,Bedding Plants,,,Bulk Flowers,Christmas Trees/Wreaths,,Dish Gardens/Planters,,,,,,,,,,,,,,,,Nursery Stock/Shrubs/Trees,,,,
Wakefern Food Corp,,,Bouquets – Greens,Bouquets – Pre-made,,,Consumer Floral Bunches,Dish Gardens/Planters,,,,,,,,,,,Flowering Plants,Foliage Plants,,,,,,,,
Walmart Stores Inc.,,,Bouquets – Greens,Bouquets – Pre-made,Bulk Flowers,,Consumer Floral Bunches,,Floral Display Boxes,Floral Display Equipment,,Floral Arrangements,Floral Equipment,Floral Hardgoods,,Floral Sleeves,,Flower Food,,,,Fresh-cut Flowers,,,Organic – Floral,,Floral Packaging Materials,
Whole Foods Market Florida,,,Bouquets – Greens,Bouquets – Pre-made,,,Consumer Floral Bunches,,,Floral Display Equipment,,Floral Arrangements,Floral Equipment,,,,,Flower Food,Flowering Plants,Foliage Plants,,Fresh-cut Flowers,,,Organic – Floral,,,
ACME / Shaw Markets,,,,,,Christmas Trees/Wreaths,,Dish Gardens/Planters,,Floral Display Equipment,,Floral Arrangements,,,,Floral Sleeves,,,Flowering Plants,Foliage Plants,,Fresh-cut Flowers,,Nursery Stock/Shrubs/Trees,,,,
Albertsons / Safeway Corporate & Seattle Division,,,Bouquets – Greens,Bouquets – Pre-made,,Christmas Trees/Wreaths,Consumer Floral Bunches,,,,Floral Accessory Items,,Floral Equipment,Floral Hardgoods,Floral Services,Floral Sleeves,,,Flowering Plants,,Fragranced Home Décor,Fresh-cut Flowers,,,Organic – Floral,,,
