Company Name:,Product,Product,Product,Product,Product,Product,Product,Product,Product,Product,Product,Product,Product,Product,Product,Product,Product,Product,Product,Product,Product,Product,Product,Product,Product,Product,Product,Region,Region,Region,Region,Region,Region,Region,Region,Region,Region,Region,Region,Region,Region,Region
"Ahold USA, Inc.",,,,,,Christmas Trees/Wreaths,,,Floral Display Boxes,Floral Display Equipment,,Floral Arrangements,Floral Equipment,,,,,,,,Fresh-cut Flowers,,Nursery Stock/Shrubs/Trees,Organic – Floral,,,,Mid Atlantic,New England,,,,,,,,,,,,,
Associated Wholesale Grocers,,,Bouquets – Greens,Bouquets – Pre-made,Bulk Flowers,Christmas Trees/Wreaths,Consumer Floral Bunches,Dish Gardens/Planters,Floral Display Boxes,Floral Display Equipment,Floral Accessory Items,Floral Arrangements,Floral Equipment,Floral Hardgoods,,,Flower Bulbs,,Flowering Plants,Foliage Plants,Fresh-cut Flowers,,,,,,,Mid Atlantic,,West South Central,East South Central,South Atlantic,North West Central,North East Central,Pacific,Mountain,,,,,,
"Giant Eagle, Inc.",,Bedding Plants,,,,Christmas Trees/Wreaths,,,,Floral Display Equipment,Floral Accessory Items,,,Floral Hardgoods,,,,,,,,,Nursery Stock/Shrubs/Trees,Organic – Floral,,,,Mid Atlantic,,,,,,,,,,,,,,
Grocery Outlet,Balloons,Bedding Plants,,Bouquets – Pre-made,,Christmas Trees/Wreaths,,Dish Gardens/Planters,,Floral Display Equipment,,,Floral Equipment,,,,Flower Bulbs,,Flowering Plants,Foliage Plants,Fresh-cut Flowers,,Nursery Stock/Shrubs/Trees,Organic – Floral,Ornamentals,,,Mid Atlantic,,,,,,,Pacific,Mountain,,,,,,
H-E-B,Balloons,,Bouquets – Greens,,Bulk Flowers,,Consumer Floral Bunches,Dish Gardens/Planters,Floral Display Boxes,Floral Display Equipment,Floral Accessory Items,Floral Arrangements,Floral Equipment,Floral Hardgoods,Floral Services,,,,Flowering Plants,Foliage Plants,Fresh-cut Flowers,Helium,,Organic – Floral,Ornamentals,Floral Packaging Materials,Ribbon,,,West South Central,,,,,,,,,,,,
"Redner's Markets, Inc.",,,,Bouquets – Pre-made,,,,Dish Gardens/Planters,Floral Display Boxes,Floral Display Equipment,,,,,,,,Flower Food,Flowering Plants,Foliage Plants,Fresh-cut Flowers,,,Organic – Floral,,,,Mid Atlantic,,,,,,,,,,,,,,
Sam's Wholesale Club,,,,,,Christmas Trees/Wreaths,Consumer Floral Bunches,,Floral Display Boxes,Floral Display Equipment,Floral Accessory Items,,Floral Equipment,Floral Hardgoods,,,,,,,Fresh-cut Flowers,,,,Ornamentals,Floral Packaging Materials,,Mid Atlantic,New England,West South Central,East South Central,South Atlantic,North West Central,North East Central,Pacific,Mountain,Asia,Canada,Mexico/South & Central America,North America excluding Mexico,,
Sam’s Club eCommerce,Balloons,,,Bouquets – Pre-made,Bulk Flowers,Christmas Trees/Wreaths,,,,,Floral Accessory Items,Floral Arrangements,Floral Equipment,Floral Hardgoods,,,,,,,Fresh-cut Flowers,,,Organic – Floral,,Floral Packaging Materials,,Mid Atlantic,New England,West South Central,East South Central,South Atlantic,North West Central,North East Central,Pacific,Mountain,,,,North America excluding Mexico,,
Sobeys,,Bedding Plants,,Bouquets – Pre-made,Bulk Flowers,Christmas Trees/Wreaths,Consumer Floral Bunches,Dish Gardens/Planters,,Floral Display Equipment,Floral Accessory Items,Floral Arrangements,Floral Equipment,Floral Hardgoods,,,,,Flowering Plants,Foliage Plants,Fresh-cut Flowers,,,Organic – Floral,Ornamentals,,,,,,,,,,,,,Canada,,,,
The Fresh Market,,Bedding Plants,Bouquets – Greens,,,Christmas Trees/Wreaths,Consumer Floral Bunches,,Floral Display Boxes,Floral Display Equipment,,,Floral Equipment,,,Floral Sleeves,,,,,,,Nursery Stock/Shrubs/Trees,,,Floral Packaging Materials,,Mid Atlantic,New England,West South Central,East South Central,South Atlantic,,North East Central,,,,,,,,
The Kroger Company,,,Bouquets – Greens,Bouquets – Pre-made,,,Consumer Floral Bunches,Dish Gardens/Planters,,Floral Display Equipment,,Floral Arrangements,,,Floral Services,,Flower Bulbs,,Flowering Plants,Foliage Plants,Fresh-cut Flowers,,,Organic – Floral,,,,Mid Atlantic,,West South Central,East South Central,South Atlantic,North West Central,North East Central,Pacific,Mountain,,,,,,
"Topco Associates, LLC",,,Bouquets – Greens,Bouquets – Pre-made,Bulk Flowers,Christmas Trees/Wreaths,Consumer Floral Bunches,Dish Gardens/Planters,Floral Display Boxes,,Floral Accessory Items,Floral Arrangements,,Floral Hardgoods,,,Flower Bulbs,,Flowering Plants,Foliage Plants,Fresh-cut Flowers,,,Organic – Floral,,,,Mid Atlantic,New England,West South Central,East South Central,South Atlantic,North West Central,North East Central,Pacific,Mountain,,,,,,
Wakefern Food Corporation ,,,Bouquets – Greens,Bouquets – Pre-made,,,Consumer Floral Bunches,Dish Gardens/Planters,,,,,,,,,,,Flowering Plants,Foliage Plants,,,,,,,,Mid Atlantic,New England,,,,,,,,,,,,,
"Wal-Mart Stores, Inc.",Balloons,Bedding Plants,Bouquets – Greens,Bouquets – Pre-made,Bulk Flowers,Christmas Trees/Wreaths,Consumer Floral Bunches,Dish Gardens/Planters,Floral Display Boxes,Floral Display Equipment,Floral Accessory Items,Floral Arrangements,Floral Equipment,Floral Hardgoods,Floral Services,Floral Sleeves,Flower Bulbs,Flower Food,Flowering Plants,Foliage Plants,Fresh-cut Flowers,Helium,Nursery Stock/Shrubs/Trees,Organic – Floral,Ornamentals,Floral Packaging Materials,Ribbon,Mid Atlantic,New England,West South Central,East South Central,South Atlantic,North West Central,North East Central,Pacific,Mountain,Asia,Canada,Mexico/South & Central America,North America excluding Mexico,,
Whole Foods Market,,,Bouquets – Greens,Bouquets – Pre-made,,Christmas Trees/Wreaths,Consumer Floral Bunches,,,,,Floral Arrangements,,,,,Flower Bulbs,,Flowering Plants,Foliage Plants,Fresh-cut Flowers,,,Organic – Floral,,,,Mid Atlantic,New England,West South Central,East South Central,South Atlantic,North West Central,North East Central,Pacific,Mountain,,Canada,,,,
