Company Name:,product,product,product,product,product,product,product,product,product,product,product,product,product,product,product,product,product,product,product,product,product,product,product,product,product,product,product,product,product,product,product,product,product,product,product,product,product,product,product,product,product,product,product,product,product,product,product,product,product,product,product,product,product,product,product,product,product,product,product,product,product,product,product,product,product,product,product,product,product,product,product,product,product,product,product,product,product,product,product,product,product,product,product,product,product,product,product,product,product
Tropical Organic Growers,,,,,,,Bananas,,,,,,,,,,,,,,,,,,,,,,,,,,,,,,,,,,,,,,,Limes,,,,,,,,,,Organic Produce,Papayas,,,,,,,,,,,,,,,,,,,,,,,,,,,,Tropical Produce,,,,
Coliman Produce Inc,,,,,,Avocados,Bananas,,,,,,,,,,,,,,,,,,,,,,,,,Fresh-cut Fruit,Fresh-cut Vegetables,,,,,,,,,,,,,Limes,,,,,,,,,,Organic Produce,Papayas,,,,,,Pineapples,,,,,,,,,,,Snack Food Items,,,,,,,,,,,Tropical Produce,,,,
Frescos Tomver SA de CV,,,,,,,,,,,,,,,,,,,,Citrus Fruit,,,Cucumbers,,,,,,,,,,,,,,,,,,,,,,,,,,,,,,,,,,,,,,,Peppers,,,,,,,,,,,,,,,,,,,,,,Tomatoes,,,,,
Expo Fresh SA de CV,,,,Asparagus,Asian,Avocados,,,,,,,Broccoli,,,,,,,,,,,,,,,,,,,,,,,,,,,,,,,,,,,,,,,,,,,,,,,,,,,,,,,,,,,,,,,,,,,,,,,,,,,,
Agrokumara SA de CV,,,,,,,,,,,,,,,,,,,,,,,Cucumbers,,,,,,,,,,,,,,,,,,,,,,,,,,,,,,,Onions,,,,,,,,Peppers,,,,,,,,,,,,,,,,,,,,,,Tomatoes,,,,,
Sicar Farms,,,,,,,,,,,,,,,,,,,,,,,,,,,,,,,,,,,,,,,,,,,,,,Limes,,,,,,,,,,,,,,,,,Pineapples,,,,,,,,,,,,,,,,,,,,,Tomatoes,Tropical Produce,,,,
Growers Union LLC,,,,,,,,,,,Berries,Blueberries,,,,,,,,,,,,,,,,,,,,,,,,,,,,,,,,,,,,,,,,,,,,,,,,,,,,,,,,,,,,,,,,,,,,,,,,,,,,,
Campos Borquez,,,,Asparagus,,,,,,,,,,,,,,,,,,,,,,,,,,,,,,,,,Grapes,,,,,,,,,,,,,,,,,,,,,,,,,,,,,,,,,,,,,,,,,,,,,,,,,,,,
HARVEST 52,,,,,,,,,,,Berries,Blueberries,,,,,,,,,,,,,,,,,,,,,,,,,,,,,,,,,,,,,,,,,,,,,,,,,,,,,,,,,,,,,,,,,,,,,Strawberries,,,,,,,,
GR Fresh,,,,,,,,,,,,,Broccoli,,,Carrots,,Celery,,,,,,,,,Eggplant,,,,,,,,,,,,,,,,,,Lettuce,,,,,,,Nuts,,Onions,,Organic Produce,,,,,,Peppers,,,,Pomegranates,,,,,,,,,,,,,Squash,,,,,Tomatoes,,Value-added Produce,,,Zucchini
NUTRITIVOS DEL CAMPO SPR DE RL,,,,,,Avocados,,,,,Berries,,Broccoli,,,,Cauliflower,Celery,,,,,,,,,,,,,,,Fresh-cut Vegetables,,,,,,,,,,,,,,,,,,,,,,,,,,,,,,,,,,,,,,,,,,,,,,,,Strawberries,,,,,Value-added Produce,,,
TRIPLE H PRODUCE,,,,,,,,,,,Berries,Blueberries,,,,,,,,,,,Cucumbers,,,,,,,,,,,,,,Grapes,,,,,,,Lemons,,Limes,Mangoes,,,,,,,Onions,,,,,,,,Peppers,,,,,,,,,,,,,,,,,Squash,,Strawberries,,,Tomatoes,,,,,Zucchini
DIVEMEX,,,,,,,,,,,,,,,,,,,,,,,Cucumbers,,,,,,,,,,,,,,,,,,,,,,,,,,,,,,,,,Organic Produce,,,,,,Peppers,,,,,,,,,,,,,,,,,,,,,,,,,,,
"Veca Produce, S.A. de C.V.",,,,,,,,,,,,,,,,,,,,,,,,,,,,,,,,,,,,,,,,,,,,,,Limes,,,,,,,,,,,,,,,,,,,,,,,,,,,,,,,,,,,,,,,,,,,
AGRICOLA AMIGO,,,,Asparagus,,,,Bagged Salad,,Beets,,,Broccoli,Cabbage,,,Cauliflower,Celery,,,Corn,,,,,,,,,,,,,Garlic,,,,Herbs,,,,,,,Lettuce,,,,,,,,,,,,,,,,,,,,,,,,,,Radishes,,,,,,,,Squash,,,,,,,,Vegetables – Imported,,
AGRICOLA SAN PEDRO,,,,,,,,,,,,,Broccoli,,,Carrots,,Celery,,,,,,,,,,,,,,,,,,,,,,,,,,,,,,,,,,,,,,,,,,,,,,,,,,,,,,,,,,,,,,,,,,,,,,,
Macu Frescos,,,,Asparagus,,,,,,Beets,,,Broccoli,,,Carrots,,Celery,,,,,,,,,,,,,,,,,,,,,,,,,,,,,,,,,,,,,,,,,,,,,,,,,,,,,Radishes,,,,,,Spinach,,,,,,,,,,,,
CHANITOS,,,,,,,Bananas,,,,,,,,,,,,,,,,,,,,,,,,,,,,,,,,,,,,,,,,,,,,,,,,,Organic Produce,,,,,,,,Plantains,,,,,,,,,,,,,,,,,,,,,Tropical Produce,,,,
Happy Produce,,,,,,,,,,,,,,,,,,,,,,,Cucumbers,,,,,,,,,,,,,,,,Hothouse/Greenhouse Vegetables,,,,,,,,,,,,,,,,,,,,,,,Peppers,,,,,,,,,,,,,,,,,,,,,,,,,,,
COMERCIALIZADORA LEBASI,,,,,,,,,,,,,,,,,,,,,,,Cucumbers,,,,,,,,,,,,,,,,,,,,,,,,,,,,,,,,,,,,,,,Peppers,,,,,,,,,,,,,,,,,,,,,,,,,,,
MERIDIAN FRUITS SPR DE RL DE CV,,,,,,Avocados,,,,,Berries,Blueberries,,,,,,,,,,,,,,,,,,,,,,,,,,,,,,,,,,,,,,,,,,,,Organic Produce,,,,,,,,,,,,,,,,,Raspberries,,,,,,,,Strawberries,,,,,,,,
AGROPALM PACK SC DE RL DE CV,,,,,,,,,,,,,Broccoli,,,Carrots,Cauliflower,Celery,,,,,,,,,,,,,,,Fresh-cut Vegetables,,,,,,,,,,,,,,,,,,,,,,,,,,,,,,,,,,,,,,,,,,,,,,,,,,,,,,,,
Greenhouse Company de Mexico LLC,,,,,,,,,,,,,,,,,,,,,,,Cucumbers,,,,,,,,,,,,,,,,Hothouse/Greenhouse Vegetables,Hydroponics,,,,,,,,,,,,,,,,,,,,,,Peppers,,,,,,,,,,,,,,,,,,,,,,Tomatoes,,,Vegetables – Imported,,
Agricola Alfer SPR de RL,,,,,,,,,,,,,,,,,,,,,,,,,,,,,,,,,,,,,,,,,,,,Lemons,,,,,,,,,,Onions,,,,,,,,Peppers,,,,,,,,Pumpkins,,,,,,,,,Squash,,,,,Tomatoes,,,,,
Organics Unlimited/Tropipack,,,,,,,Bananas,,,,,,,,,,,,,,,,,,,,,,,,,,,,,,,,,,,,,,,,,,,,,,,,,,,,,,,,,,,,,,,,,,,,,,,,,,,,,,,,,,
